features,predictor,params,sen(avg),sen(std),spec(avg),spec(std),acc(avg),acc(std),mcc(avg),mcc(std)
Train_HEX_100,weka.classifiers.trees.RandomForest,-I 100 -K 0 -S 1,0.928616838,0.031504987,0.983666093,0.014957292,0.954122905,0.017671896,0.910523514,0.033301206
Train_PNC_100,weka.classifiers.trees.RandomForest,-I 100 -K 0 -S 1,0.93632732,0.024759795,0.943757889,0.025808943,0.939766605,0.017204799,0.879747552,0.034428683
Train_PNC_100,Base,---,0.9396,0.67,0.9188,1.41,0.93,0.83,0.86,0.02
Train_HEX_100,weka.classifiers.misc.HyperPipes, ,0.939647766,0.0246495,0.916838784,0.039148461,0.929067039,0.022178446,0.858133699,0.044492549
Train_HEX_100,weka.classifiers.functions.SGD,-F 0 -L 0.01 -R 1.0E-4 -E 500 -C 0.001 -S 1,0.931312285,0.026434178,0.924997131,0.026506099,0.928401614,0.018510137,0.856704018,0.037107481
Train_HEX_100,weka.classifiers.functions.LibSVM,-S 0 -K 0 -D 3 -G 0.0 -R 0.0 -N 0.5 -M 40.0 -C 1.0 -E 0.001 -P 0.1 -Z -seed 1,0.934647766,0.025249778,0.919466437,0.028100303,0.927625698,0.019444961,0.854982308,0.039060586
Train_HEX_100,weka.classifiers.functions.SMO,"-C 1.0 -L 0.001 -P 1.0E-12 -N 0 -V -1 -W 1 -K \""weka.classifiers.functions.supportVector.PolyKernel -C 250007 -E 1.0\""",0.934647766,0.025249778,0.919466437,0.028100303,0.927625698,0.019444961,0.854982308,0.039060586
Train_HEX_100,weka.classifiers.functions.SPegasos,-F 0 -L 1.0E-4 -E 500,0.931950172,0.025926737,0.920197935,0.03031086,0.926512104,0.019288517,0.85289995,0.038575317
Train_PNC_100,weka.classifiers.misc.HyperPipes, ,0.921194158,0.032281066,0.899761905,0.04178004,0.911256983,0.024788015,0.822633115,0.049536232
Train_PNC_100,weka.classifiers.functions.SGD,-F 0 -L 0.01 -R 1.0E-4 -E 500 -C 0.001 -S 1,0.927794244,0.02633129,0.887751004,0.030408913,0.909248293,0.018853633,0.818171738,0.037969811
Train_PNC_100,weka.classifiers.functions.SPegasos,-F 0 -L 1.0E-4 -E 500,0.925526203,0.026227993,0.881250717,0.030063025,0.905016139,0.01956214,0.809616493,0.039627069
Train_PNC_100,weka.classifiers.functions.LibSVM,-S 0 -K 0 -D 3 -G 0.0 -R 0.0 -N 0.5 -M 40.0 -C 1.0 -E 0.001 -P 0.1 -Z -seed 1,0.927588058,0.024482296,0.878376363,0.031055296,0.904792675,0.01936296,0.809178213,0.039099252
Train_PNC_100,weka.classifiers.functions.SMO,"-C 1.0 -L 0.001 -P 1.0E-12 -N 0 -V -1 -W 1 -K \""weka.classifiers.functions.supportVector.PolyKernel -C 250007 -E 1.0\""",0.927588058,0.024482296,0.878135399,0.031185456,0.904680944,0.019409579,0.808958145,0.039192597
,,,,,,,,,,
Train_HEX_100,weka.classifiers.trees.RandomForest,-I 100 -K 0 -S 1,92.86,3.15,98.37,1.5,95.41,1.77,0.91,0.03
Train_PNC_100,weka.classifiers.trees.RandomForest,-I 100 -K 0 -S 1,93.63,2.48,94.38,2.58,93.98,1.72,0.88,0.03
Train_PNC_100,Base,---,93.96,0.67,91.88,1.41,93,0.83,0.86,0.02
Train_HEX_100,weka.classifiers.misc.HyperPipes, ,93.96,2.46,91.68,3.91,92.91,2.22,0.86,0.04
Train_HEX_100,weka.classifiers.functions.SGD,-F 0 -L 0.01 -R 1.0E-4 -E 500 -C 0.001 -S 1,93.13,2.64,92.5,2.65,92.84,1.85,0.86,0.04
Train_HEX_100,weka.classifiers.functions.LibSVM,-S 0 -K 0 -D 3 -G 0.0 -R 0.0 -N 0.5 -M 40.0 -C 1.0 -E 0.001 -P 0.1 -Z -seed 1,93.46,2.52,91.95,2.81,92.76,1.94,0.85,0.04
Train_HEX_100,weka.classifiers.functions.SMO,"-C 1.0 -L 0.001 -P 1.0E-12 -N 0 -V -1 -W 1 -K \""weka.classifiers.functions.supportVector.PolyKernel -C 250007 -E 1.0\""",93.46,2.52,91.95,2.81,92.76,1.94,0.85,0.04
Train_HEX_100,weka.classifiers.functions.SPegasos,-F 0 -L 1.0E-4 -E 500,93.2,2.59,92.02,3.03,92.65,1.93,0.85,0.04
Train_PNC_100,weka.classifiers.misc.HyperPipes, ,92.12,3.23,89.98,4.18,91.13,2.48,0.82,0.05
Train_PNC_100,weka.classifiers.functions.SGD,-F 0 -L 0.01 -R 1.0E-4 -E 500 -C 0.001 -S 1,92.78,2.63,88.78,3.04,90.92,1.89,0.82,0.04
Train_PNC_100,weka.classifiers.functions.SPegasos,-F 0 -L 1.0E-4 -E 500,92.55,2.62,88.13,3.01,90.5,1.96,0.81,0.04
Train_PNC_100,weka.classifiers.functions.LibSVM,-S 0 -K 0 -D 3 -G 0.0 -R 0.0 -N 0.5 -M 40.0 -C 1.0 -E 0.001 -P 0.1 -Z -seed 1,92.76,2.45,87.84,3.11,90.48,1.94,0.81,0.04
Train_PNC_100,weka.classifiers.functions.SMO,"-C 1.0 -L 0.001 -P 1.0E-12 -N 0 -V -1 -W 1 -K \""weka.classifiers.functions.supportVector.PolyKernel -C 250007 -E 1.0\""",92.76,2.45,87.81,3.12,90.47,1.94,0.81,0.04
